SectionName,SectionOrder,ExerciseName,MuscleGroup,MovementPattern,Category,EquipmentType,IsUnilateral,IsTimed,ID,PrimaryDetail,SecondaryDetail,Laterality,ShoulderSafetyNotes,Notes,OriginalName,StandardName
ExerciseNameMap,,,,,,,,,,,,,,,1 Arm Cable Curl,Standing Single Arm Cable Curl
ExerciseNameMap,,,,,,,,,,,,,,,DB Romanian Deadlift (RDL),Dumbbell Romanian Deadlift
ExerciseNameMap,,,,,,,,,,,,,,,Incline Dumbell Curl (Supinated),Incline Dumbbell Curl (Supinated)
ExerciseNameMap,,,,,,,,,,,,,,,Dumbbell Incline Curl,Incline Dumbbell Curl (Supinated)
ExerciseNameMap,,,,,,,,,,,,,,,Half-Kneeling Single-Arm Cable Pulldow,Half-Kneeling Single-Arm Cable Pulldown
ExerciseNameMap,,,,,,,,,,,,,,,Cable: Kneeling 1Arm Overhead Extension,Kneeling Single Arm Rope Cable Extension
ExerciseNameMap,,,,,,,,,,,,,,,Dumbbell: Squeeze Curl - Hammer,Dumbbell: Squeeze Curl - Neutral
ExerciseNameMap,,,,,,,,,,,,,,,Standing Single Arm Extension (D-Grip),Single Arm Cable Extensions
ExerciseNameMap,,,,,,,,,,,,,,,Cable Triceps Extension - “Quad”,"Cable Triceps Extension - ""Quad"""
ExerciseNameMap,,,,,,,,,,,,,,,,
ExerciseNameMap,,,,,,,,,,,,,,,,
ExerciseNameMap,,,,,,,,,,,,,,,,
Equipment,,Band,,,-,,,,"EQ-BAND-R	Resistance","Red	Band	Various	Personal	Light",resistance,,,,,
Equipment,,Band,,,-,,,,"EQ-BAND-G	Resistance","Green	Band	Various	Personal	Heavy",resistance,,,,,
Equipment,,Band,,,-,,,,"EQ-BAND-B	Resistance","Blue	Band	Various	Personal	Medium",resistance,,,,,
Equipment,,"Band	Band	Various	Personal	Red,",,,"blue,",,,,"EQ-BAND	Resistance",green,bands,,,,,
Equipment,,"Bench	Accessory	Various	Multiple	Adjustable",,,incline,,,,"EQ-BENCH	Adjustable",bench,,,,,,
Equipment,,"Bike	Cardio	Various	Multiple	Upright",,,or,,,,"EQ-BIKE	Stationary",recumbent,stationary,,,bike,,
Equipment,,Cable,,,"Pulley	Cable	Various	Multiple	Single",,,,"EQ-CAB	Adjustable",or,dual,,,adjustable,,
Equipment,,Cable,,,"Machine	Cable	Hoist	Hotel",,,,"EQ-HOIST	Hoist","Gyms	Hoist",brand,,,cable,,
Equipment,,Chest,,,"Press	Selectorized",,,,"EQ-LF-CP	LifeFitness","Machine	LifeFitness	Planet","Fitness	Selectorized",,,chest,,
Equipment,,Chest,,,"Press	Selectorized",,,,"EQ-PRE-CP	Precor","Machine	Precor	Hotel","Gyms	Precor",,,selectorized,,
Equipment,,"Equipment	Various	NXGen	NXGen",,,"Gym	NXGen",,,,"EQ-NXGEN	NXGen",facility,equipment,,,,,
Equipment,,FTS,,,"Glide	Cable	Precor	LI",,,,"EQ-PRE-FTS	Precor","Marriott	Precor",functional,,,training,,
Equipment,,Low,,,"Row	Selectorized",,,,"EQ-LF-LR	LifeFitness","Machine	LifeFitness	Planet","Fitness	Seated",,,low,,
Equipment,,Machine,,,"Row	Selectorized",,,,"EQ-LF-MR	LifeFitness","Machine	LifeFitness	Planet","Fitness	Chest-supported",,,selectorized,,
Equipment,,Machine,,,"(Generic)	Selectorized",,,,"EQ-MCH	Selectorized","Machine	Various	Multiple	Generic",selectorized,,,machines,,
Equipment,,"Machine	Plate-Loaded",,,"Machine	Various	Multiple	Vertical",,,,"EQ-SM	Smith",or,angled,,,smith,,
Equipment,,"Machine	Plate-Loaded",,,"Machine	Various	Multiple	Generic",,,,"EQ-PLM	Plate-Loaded",plate-loaded,machines,,,,,
Equipment,,"Plate	Free",,,"Weight	Various	Multiple	Used",,,,"EQ-PLT	Weight",for,plate,,,"pinch,",,
Equipment,,Rope,,,"Machine	Cardio	Various	Planet",,,,"EQ-ER	Endless","Fitness	Marpo",Kinetics,,,or,,
Equipment,,"Rower	Cardio	Concept2	Multiple	Rowing",,,ergometer,,,,"EQ-C2	Concept2",,,,,,,
Equipment,,"Weight	Various	Multiple	Standard",,,hex,,,,"EQ-DB	Dumbbells	Free",or,iron,,,grip,,
Equipment,,"Weight	Various	Multiple	Standard",,,kettlebell,,,,"EQ-KB	Kettlebell	Free",,,,,,,
Equipment,,"Weight	Various	Multiple	Standard",,,Olympic,,,,"EQ-BB	Barbell	Free",barbell,,,,,,
Equipment,,external,,,load,,,,"EQ-BW	Bodyweight	Bodyweight	N/A	N/A	No",,,,,,,
Equipment,,treadmill,,,,,,,"EQ-TM	Treadmill	Cardio	Various	Multiple	Standard",,,,,,,
Lookup_Exercises,1,Alternate Seated DB Curl,,Curl,Arms_Biceps,,TRUE,FALSE,,,,,,,,
Lookup_Exercises,1,Anchored Single Arm Dumbbell Curl,,Curl,Arms_Biceps,,TRUE,FALSE,,,,,,,,
Lookup_Exercises,1,Band External Rotations,,Activation,Warmup,,FALSE,FALSE,,,,,,,,
Lookup_Exercises,1,Band Pull Aparts,,Activation,Warmup,,FALSE,FALSE,,,,,,,,
Lookup_Exercises,1,Barbell Standing Calf Raise,,Calf,Legs,,FALSE,FALSE,,,,,,,,
Lookup_Exercises,1,Body Row,Back;Chest;Neck;Waist,Pull,Pull,Barbell,FALSE,FALSE,,,,,,,,
Lookup_Exercises,1,Bulgarian Split Squat,,Squat/Lunge,Legs,,TRUE,FALSE,,,,,,,,
Lookup_Exercises,1,Cable Chest Press (2 Arm),Chest,Horizontal Press,Push,Bench;Machine,FALSE,FALSE,,,,,,,,
Lookup_Exercises,1,Cable External Rotation,,Activation,Warmup,,FALSE,FALSE,,,,,,,,
Lookup_Exercises,1,Cable Fly (Standing),,Fly,Push,,FALSE,FALSE,,,,,,,,
Lookup_Exercises,1,Cable High To Mid Fly,,Fly,Push,,FALSE,FALSE,,,,,,,,
Lookup_Exercises,1,Cable Lateral Raise (using elbow strap setup),,Lateral Raise,Push,,FALSE,FALSE,,,,,,,,
Lookup_Exercises,1,Cable Pull-Through,Back;Thighs,Hip Hinge,Legs,Machine,FALSE,FALSE,,,,,,,,
Lookup_Exercises,1,Cable Push-Downs,Upper Arms,Extension,Arms_Triceps,Machine,FALSE,FALSE,,,,,,,,
Lookup_Exercises,1,"Cable Triceps Extension - ""Quad""",Upper Arms,Extension,Arms_Triceps,Machine,FALSE,FALSE,,,,,,,,
Lookup_Exercises,1,Calf Extension (Machine),Other,Calf,Legs,Machine,FALSE,FALSE,,,,,,,,
Lookup_Exercises,1,Captains Chair Knee Raises,Other,Core,Core,Other,FALSE,FALSE,,,,,,,,
Lookup_Exercises,1,Cat-Camel,,Activation,Warmup,,FALSE,FALSE,,,,,,,,
Lookup_Exercises,1,Chest Supported DB Row (Spider),Back,Pull,Pull,Dumbbells,FALSE,FALSE,,,,,,,,
Lookup_Exercises,1,Chest Supported Rear Delt Fly,Back,Pull,Pull,Machine,FALSE,FALSE,,,,,,,,
Lookup_Exercises,1,Cross Body Cable Curl,,Curl,Arms_Biceps,,TRUE,FALSE,,,,,,,,
Lookup_Exercises,1,Cycling,,Cardio,Cardio,,FALSE,TRUE,,,,,,,,
Lookup_Exercises,1,DB Cross Body Curl (Hammer Grip),Other,Curl,Arms_Biceps,Bodyweight,TRUE,FALSE,,,,,,,,
Lookup_Exercises,1,DB Neutral Press (slight Rotate To Underhand ),Chest,Horizontal Press,Push,Dumbbells,FALSE,FALSE,,,,,,,,
Lookup_Exercises,1,DB Spider Curl (Hammer),Upper Arms,Curl,Arms_Biceps,Dumbbells,FALSE,FALSE,,,,,,,,
Lookup_Exercises,1,Dead Hang,Other,Hang,Carry,Bodyweight,FALSE,TRUE,,,,,,,,
Lookup_Exercises,1,Dumbbell Lateral Raise,,Lateral Raise,Push,,FALSE,FALSE,,,,,,,,
Lookup_Exercises,1,Dumbbell Romanian Deadlift,,Hip Hinge,Legs,,FALSE,FALSE,,,,,,,,
Lookup_Exercises,1,Dumbbell: Squeeze Curl - Neutral,Upper Arms,Curl,Arms_Biceps,Dumbbells,FALSE,FALSE,,,,,,,,
Lookup_Exercises,1,Endless Rope,,Cardio,Cardio,,FALSE,TRUE,,,,,,,,
Lookup_Exercises,1,Face Pull,Other,Pull,Pull,Bodyweight,FALSE,FALSE,,,,,,,,
Lookup_Exercises,1,Face Pull (w External Rotation),,Pull,Pull,,FALSE,FALSE,,,,,,,,
Lookup_Exercises,1,Farmer's Walk,Other,Carry,Carry,Dumbbells,FALSE,TRUE,,,,,,,,
Lookup_Exercises,1,Farmer’s Hold,Other,Carry,Carry,Bodyweight,FALSE,TRUE,,,,,,,,
Lookup_Exercises,1,Front-Foot-Elevated Split Squat,Calves;Hips;Thighs,Squat/Lunge,Legs,Dumbbells,TRUE,FALSE,,,,,,,,
Lookup_Exercises,1,Glute Extension,Hips;Other,Hip Extension,Legs,Machine,FALSE,FALSE,,,,,,,,
Lookup_Exercises,1,Goblet Squat,,Squat/Lunge,Legs,,FALSE,FALSE,,,,,,,,
Lookup_Exercises,1,Half-Kneeling Single Arm Cable Row,,Pull,Pull,,TRUE,FALSE,,,,,,,,
Lookup_Exercises,1,Half-Kneeling Single-Arm Cable Pulldown,Back,Pull,Pull,Machine,TRUE,FALSE,,,,,,,,
Lookup_Exercises,1,"Half-Kneeling Single-Arm Cable Row, Low-to-High Finish",,Pull,Pull,,TRUE,FALSE,,,,,,,,
Lookup_Exercises,1,Half-Kneeling Single-Arm DB Press,Shoulders,Other,Other,Dumbbells,TRUE,FALSE,,,,,,,,
Lookup_Exercises,1,Hammer Curls with Rope and Cable,,Curl,Arms_Biceps,,FALSE,FALSE,,,,,,,,
Lookup_Exercises,1,Hanging Knee Raises,Other,Core,Core,Other,FALSE,FALSE,,,,,,,,
Lookup_Exercises,1,High Cable Tricep Pushdown,,Extension,Arms_Triceps,,FALSE,FALSE,,,,,,,,
Lookup_Exercises,1,Hip Hinge,,Activation,Warmup,,FALSE,FALSE,,,,,,,,
Lookup_Exercises,1,Incline DB Hammer Curl,Upper Arms,Curl,Arms_Biceps,Dumbbells,FALSE,FALSE,,,,,,,,
Lookup_Exercises,1,Incline Dumbbell Curl (Supinated),Upper Arms,Curl,Arms_Biceps,Dumbbells;Bench,FALSE,FALSE,,,,,,,,
Lookup_Exercises,1,Incline Push-up,,Horizontal Press,Push,,FALSE,FALSE,,,,,,,,
Lookup_Exercises,1,Inverted KB Hold,,Stability,Warmup,,FALSE,TRUE,,,,,,,,
Lookup_Exercises,1,Inverted KB Press,Other,Stability,Warmup,Dumbbells,FALSE,FALSE,,,,,,,,
Lookup_Exercises,1,Kneeling Cable Row,Back,Pull,Pull,Machine,FALSE,FALSE,,,,,,,,
Lookup_Exercises,1,Kneeling Single Arm Rope Cable Extension,,Extension,Arms_Triceps,,TRUE,FALSE,,,,,,,,
Lookup_Exercises,1,Low-Incline DB Press (15–30°),,Horizontal Press,Push,,FALSE,FALSE,,,,,,,,
Lookup_Exercises,1,Machine Chest Press,,Horizontal Press,Push,,FALSE,FALSE,,,,,,,,
Lookup_Exercises,1,Machine Row,Other,Pull,Pull,Bodyweight,FALSE,FALSE,,,,,,,,
Lookup_Exercises,1,Neutral Grip Dumbbell Floor Press,,Horizontal Press,Push,,FALSE,FALSE,,,,,,,,
Lookup_Exercises,1,Neutral Grip Seated 2 Arm Row,Back,Pull,Pull,Machine,FALSE,FALSE,,,,,,,,
Lookup_Exercises,1,Pallof Press,Other,Core,Core,Bodyweight,FALSE,FALSE,,,,,,,,
Lookup_Exercises,1,Pec Fly,,Fly,Push,,FALSE,FALSE,,,,,,,,
Lookup_Exercises,1,Plate Loaded Seated Row,Back,Pull,Pull,Machine,FALSE,FALSE,,,,,,,,
Lookup_Exercises,1,Plate Pinch,,Pinch,Carry,,FALSE,TRUE,,,,,,,,
Lookup_Exercises,1,Prisoners Squat,,Squat/Lunge,Legs,,FALSE,FALSE,,,,,,,,
Lookup_Exercises,1,Push-up,Chest,Horizontal Press,Push,Bodyweight,FALSE,FALSE,,,,,,,,
Lookup_Exercises,1,Push-up On Knees,Chest,Horizontal Press,Push,Bodyweight,FALSE,FALSE,,,,,,,,
Lookup_Exercises,1,Rear Delt Cable Fly,,Pull,Pull,,FALSE,FALSE,,,,,,,,
Lookup_Exercises,1,Reverse Lunge,Hips;Thighs,Squat/Lunge,Legs,Other,TRUE,FALSE,,,,,,,,
Lookup_Exercises,1,Rope Push-Downs,Upper Arms,Extension,Arms_Triceps,Machine,FALSE,FALSE,,,,,,,,
Lookup_Exercises,1,Rowing,Cardio,Pull,Pull,Bodyweight,FALSE,TRUE,,,,,,,,
Lookup_Exercises,1,Scap Push Ups,Other;Shoulders,Horizontal Press,Push,Bodyweight,FALSE,FALSE,,,,,,,,
Lookup_Exercises,1,Seat Cable Row (V / Narrow Neutral Grip),,Pull,Pull,,FALSE,FALSE,,,,,,,,
Lookup_Exercises,1,Seated Calf Raise,Calves,Calf,Legs,Machine,FALSE,FALSE,,,,,,,,
Lookup_Exercises,1,Seated Neutral Grip DB Overhead Press,,Horizontal Press,Push,,FALSE,FALSE,,,,,,,,
Lookup_Exercises,1,Seated Single Arm DB Curl - Anchored,Upper Arms,Curl,Arms_Biceps,Dumbbells,TRUE,FALSE,,,,,,,,
Lookup_Exercises,1,Serratus Wall Slides (banded),,Activation,Warmup,,FALSE,FALSE,,,,,,,,
Lookup_Exercises,1,Side Plank,,Core,Core,,FALSE,TRUE,,,,,,,,
Lookup_Exercises,1,Single Arm Cable Extensions,Upper Arms,Extension,Arms_Triceps,Machine,TRUE,FALSE,,,,,,,,
Lookup_Exercises,1,Single Arm Cable Press,,Horizontal Press,Push,,TRUE,FALSE,,,,,,,,
Lookup_Exercises,1,Single Arm Cable Press (split stance),,Horizontal Press,Push,,TRUE,FALSE,,,,,,,,
Lookup_Exercises,1,Single Arm Rope Curl (extended Arm Position ),,Curl,Arms_Biceps,,TRUE,FALSE,,,,,,,,
Lookup_Exercises,1,Single-Arm Cable Row (Split Stance),Back,Pull,Pull,Machine,TRUE,FALSE,,,,,,,,
Lookup_Exercises,1,Single-Arm Cable Triceps Extension (Cross-Body),Upper Arms,Extension,Arms_Triceps,Machine,TRUE,FALSE,,,,,,,,
Lookup_Exercises,1,Single-Arm DB Balance Press,Chest,Horizontal Press,Push,Dumbbells,TRUE,FALSE,,,,,,,,
Lookup_Exercises,1,Single-Arm Neutral Grip Cable Pulldown,Back,Pull,Pull,Bodyweight,TRUE,FALSE,,,,,,,,
Lookup_Exercises,1,Single-Arm Overhead Cable Extension,,Extension,Arms_Triceps,,TRUE,FALSE,,,,,,,,
Lookup_Exercises,1,Single-Arm Vertical Plate Balance Press,Chest,Horizontal Press,Push,Dumbbells;Other,TRUE,FALSE,,,,,,,,
Lookup_Exercises,1,Smith Machine Bench Press,Chest;Shoulders;Upper Arms,Horizontal Press,Push,Bench;Machine,FALSE,FALSE,,,,,,,,
Lookup_Exercises,1,Smith Machine Split Squat (rear foot elevated optional),,Squat/Lunge,Legs,,TRUE,FALSE,,,,,,,,
Lookup_Exercises,1,Standing Calf Raise,,Calf,Legs,,FALSE,FALSE,,,,,,,,
Lookup_Exercises,1,Standing One Arm Bicep Curl with Cable (Anchored),Forearms;Upper Arms,Curl,Arms_Biceps,Machine,TRUE,FALSE,,,,,,,,
Lookup_Exercises,1,Standing One Arm Extended Cable Curls,Upper Arms,Curl,Arms_Biceps,Machine,TRUE,FALSE,,,,,,,,
Lookup_Exercises,1,Standing Single Arm Cable Curl,Upper Arms,Curl,Arms_Biceps,Machine,TRUE,FALSE,,,,,,,,
Lookup_Exercises,1,Suitcase Carries,Other,Carry,Carry,Dumbbells,TRUE,TRUE,,,,,,,,
Lookup_Exercises,1,Suitcase Holds,Other,Carry,Carry,Dumbbells,TRUE,TRUE,,,,,,,,
Lookup_Exercises,1,Supine Press Machine - Plate Loaded (Planet Fitness),Chest,Horizontal Press,Push,Machine;Other,FALSE,FALSE,,,,,,,,
Lookup_Exercises,1,Tibia Flex,,Calf,Legs,,FALSE,FALSE,,,,,,,,
Lookup_Exercises,1,Treadmill Walking,Cardio,Cardio,Cardio,Machine,FALSE,TRUE,,,,,,,,
Lookup_Exercises,1,Vertical DB Scap extension,,Extension,Arms_Triceps,,FALSE,FALSE,,,,,,,,
Lookup_Exercises,1,Walking Lunges,,Squat/Lunge,Legs,,TRUE,FALSE,,,,,,,,
ExerciseLibrary,2,1 Arm Cable Curl,,Isolation,Isolation,,,,EX-1ACC,Biceps,Forearms,Unilateral,Well tolerated,Single arm cable curl  ,,
ExerciseLibrary,2,Alternate Seated DB Curl,,Isolation,Isolation,,,,EX-ASDBC,Biceps,Forearms; Brachialis,Alternating,Well tolerated,Alternating seated dumbbell curl with supination  ,,
ExerciseLibrary,2,Anchored Single Arm Dumbbell Curl,,Isolation,Isolation,,,,EX-ADBC,Biceps,Forearms; Brachialis,Unilateral,Well tolerated,Standing or seated anchored curl  ,,
ExerciseLibrary,2,Band External Rotations,,Mobility,Warmup,,,,EX-BER,External Rotators,Rotator Cuff,Bilateral,Well tolerated,Banded external rotation warmup  ,,
ExerciseLibrary,2,Band Pull Aparts,,Mobility,Warmup,,,,EX-BPA,Rear Delts,Rhomboids; Traps,Bilateral,Well tolerated,Band pull apart for shoulder warmup  ,,
ExerciseLibrary,2,Barbell Standing Calf Raise,,Isolation,Isolation,,,,EX-BSCR,Calves,None,Bilateral,Well tolerated,Barbell calf raise on plates  ,,
ExerciseLibrary,2,Body Row,,Pull,Compound,,,,EX-BR,Back,Biceps; Forearms; Core,Bilateral,Well tolerated,Inverted row using barbell in rack  ,,
ExerciseLibrary,2,Bulgarian Split Squat,,Squat,Compound,,,,EX-BSS,Quads,Glutes; Hamstrings; Core,Unilateral,Well tolerated,Rear foot elevated split squat  ,,
ExerciseLibrary,2,Cable External Rotation,,Mobility,Warmup,,,,EX-CER,External Rotators,Rotator Cuff,Unilateral,Left has less ROM than right,Cable external rotation  ,,
ExerciseLibrary,2,Cable Fly (Standing),,Push,Isolation,,,,EX-CSF,Chest,Anterior Delts,Bilateral,Well tolerated with cuff attachment,Standing cable fly  ,,
ExerciseLibrary,2,Cable High To Mid Fly,,Push,Isolation,,,,EX-CHMF,Chest,Anterior Delts,Bilateral,Right tightness at full extension; slightly shorten ROM,High to mid cable fly  ,,
ExerciseLibrary,2,Cable Lateral Raise (using elbow strap setup),,Isolation,Isolation,,,,EX-CLR,Lateral Delts,Traps,Unilateral,Well tolerated with elbow strap,Cable lateral raise using strap at elbow  ,,
ExerciseLibrary,2,Cable Pull-Through,,Hinge,Compound,,,,EX-CPT,Glutes,Hamstrings; Lower Back,Bilateral,Well tolerated,Cable pull-through for hip extension  ,,
ExerciseLibrary,2,Cable Push-Downs,,Isolation,Isolation,,,,EX-CPD,Triceps,None,Bilateral,Well tolerated,General cable pushdown  ,,
ExerciseLibrary,2,Cable Triceps Extension - Quad,,Isolation,Isolation,,,,EX-CTE-Q,Triceps,None,Unilateral,Well tolerated; significant left-right asymmetry noted,Four-position cable tricep extension  ,,
ExerciseLibrary,2,Cable: Kneeling 1Arm Overhead Extension,,Isolation,Isolation,,,,EX-CKOE,Triceps,None,Unilateral,Well tolerated,Kneeling overhead cable extension  ,,
ExerciseLibrary,2,Calf Extension (Machine),,Isolation,Isolation,,,,EX-CEM,Calves,None,Bilateral,Well tolerated,Calf extension on leg press or machine  ,,
ExerciseLibrary,2,Captains Chair Knee Raises,,Core,Core,,,,EX-CKR,Core,Hip Flexors,Bilateral,Little tightness in right shoulder cap,Hanging knee raise on captain's chair  ,,
ExerciseLibrary,2,Cat-Camel,,Mobility,Warmup,,,,EX-CC,Spine,Core,Bilateral,Well tolerated,Spinal flexion/extension mobilization  ,,
ExerciseLibrary,2,Chest Supported DB Row (Spider),,Pull,Compound,,,,EX-CSDR,Back,Biceps; Rear Delts; Forearms,Bilateral,Well tolerated,Incline bench chest-supported dumbbell row  ,,
ExerciseLibrary,2,Chest Supported Rear Delt Fly,,Pull,Isolation,,,,EX-CSRDF,Rear Delts,Rhomboids; Traps,Bilateral,Well tolerated,Incline bench chest-supported rear delt fly  ,,
ExerciseLibrary,2,Cross Body Cable Curl,,Isolation,Isolation,,,,EX-CBCC,Biceps,Brachialis; Forearms,Unilateral,Well tolerated,Cross-body cable curl  ,,
ExerciseLibrary,2,Cycling,,Cardio,Cardio,,,,EX-CYC,Legs,Core,Bilateral,Well tolerated,Stationary cycling  ,,
ExerciseLibrary,2,DB Cross Body Curl (Hammer Grip),,Isolation,Isolation,,,,EX-DBCBH,Brachialis,Biceps; Forearms,Unilateral,Well tolerated,Cross body hammer curl with dumbbell  ,,
ExerciseLibrary,2,DB Neutral Press (slight Rotate To Underhand),,Push,Compound,,,,EX-DBNP,Chest,Triceps; Anterior Delts,Bilateral,Neutral grip well tolerated,Floor press or bench press with neutral grip and slight underhand rotation  ,,
ExerciseLibrary,2,DB Spider Curl (Hammer),,Isolation,Isolation,,,,EX-DSCH,Brachialis,Biceps; Forearms,Bilateral,Well tolerated,Spider curl on incline bench with hammer grip  ,,
ExerciseLibrary,2,Dead Hang,,Hold,Hold,,,,EX-DH,Forearms,Lats; Shoulders,Bilateral,Good scapular reset,Passive hang from pull-up bar  ,,
ExerciseLibrary,2,Dumbbell Incline Curl,,Isolation,Isolation,,,,EX-DBC,Biceps,Forearms,Bilateral,Well tolerated,Incline dumbbell curl variant  ,,
ExerciseLibrary,2,Dumbbell Lateral Raise,,Isolation,Isolation,,,,EX-DLR,Lateral Delts,Traps,Bilateral,Slight right anterior capsule awareness at top; better with slight pronation,Dumbbell lateral raise  ,,
ExerciseLibrary,2,Dumbbell Romanian Deadlift,,Hinge,Compound,,,,EX-DBRDL,Hamstrings,Glutes; Lower Back; Forearms,Bilateral,Well tolerated; grip limiting factor at heavy weights,Primary hinge movement  ,,
ExerciseLibrary,2,Dumbbell: Squeeze Curl - Hammer,,Isolation,Isolation,,,,EX-DSCH2,Brachialis,Biceps; Forearms,Bilateral,Well tolerated,Hammer grip squeeze curl  ,,
ExerciseLibrary,2,Dumbbell: Squeeze Curl - Neutral,,Isolation,Isolation,,,,EX-DBSCN,Biceps,Brachialis; Forearms,Bilateral,Well tolerated,Dumbbell squeeze curl variations  ,,
ExerciseLibrary,2,Endless Rope,,Cardio,Cardio,,,,EX-ER,Forearms,Back; Shoulders; Biceps,Bilateral,Slight anterior capsule trigger on right at initial reach,Marpo Kinetics or similar endless rope machine  ,,
ExerciseLibrary,2,Face Pull,,Pull,Isolation,,,,EX-FP,Rear Delts,Traps; Rhomboids; External Rotators,Bilateral,Well tolerated,Standard face pull with rope  ,,
ExerciseLibrary,2,Face Pull (w External Rotation),,Pull,Isolation,,,,EX-FPWR,Rear Delts,External Rotators; Traps; Rhomboids,Bilateral,Monitor right shoulder during external rotation,Face pull with added external rotation component  ,,
ExerciseLibrary,2,Farmer's Hold,,Hold,Hold,,,,EX-FH,Forearms,Traps; Core,Bilateral,,Static hold version of farmer's walk  ,,
ExerciseLibrary,2,Farmer's Walk,,Carry,Carry,,,,EX-FW,Forearms,Traps; Core; Shoulders,Bilateral,Well tolerated,Primary grip and carry exercise throughout all phases  ,,
ExerciseLibrary,2,Front-Foot-Elevated Split Squat,,Squat,Compound,,,,EX-FFESR,Quads,Glutes; Hamstrings; Core,Unilateral,Well tolerated,Front foot on plates for increased ROM  ,,
ExerciseLibrary,2,Glute Extension,,Isolation,Isolation,,,,EX-GE,Glutes,Hamstrings,Unilateral,Well tolerated,Machine glute extension  ,,
ExerciseLibrary,2,Goblet Squat,,Squat,Compound,,,,EX-GS,Quads,Glutes; Core; Hamstrings,Bilateral,Well tolerated,Dumbbell or kettlebell goblet squat  ,,
ExerciseLibrary,2,Half-Kneeling Single Arm Cable Row,,Pull,Compound,,,,EX-HKSAR,Back,Core; Biceps; Forearms,Unilateral,Well tolerated,Half-kneeling unilateral cable row  ,,
ExerciseLibrary,2,Half-Kneeling Single-Arm Cable Pulldown,,Pull,Compound,,,,EX-HKSACP,Lats,Biceps; Forearms,Unilateral,Well tolerated,Half-kneeling single arm cable pulldown  ,,
ExerciseLibrary,2,"Half-Kneeling Single-Arm Cable Row, Low-to-High Finish",,Pull,Compound,,,,EX-HKSARCR,Back,Rear Delts; Core; Biceps,Unilateral,Well tolerated,Low-to-high finish variant  ,,
ExerciseLibrary,2,Half-Kneeling Single-Arm DB Press,,Push,Compound,,,,EX-HKSADBP,Shoulders,Triceps; Core,Unilateral,Well tolerated,Half-kneeling single arm overhead press  ,,
ExerciseLibrary,2,Hammer Curls with Rope and Cable,,Isolation,Isolation,,,,EX-HCRC,Brachialis,Biceps; Forearms,Bilateral,Well tolerated,Rope attachment hammer curl on cable  ,,
ExerciseLibrary,2,Hanging Knee Raises,,Core,Core,,,,EX-HKR,Core,Hip Flexors; Forearms,Bilateral,Well tolerated,Hanging knee raise from pull-up bar  ,,
ExerciseLibrary,2,High Cable Tricep Pushdown,,Isolation,Isolation,,,,EX-HCTP,Triceps,Forearms,Bilateral,Shoulders roll forward if ROM too high; keep 90-100 degree ROM,High cable tricep pushdown with straight bar  ,,
ExerciseLibrary,2,Hip Hinge,,Mobility,Warmup,,,,EX-HH,Hamstrings,Glutes; Lower Back,Bilateral,Well tolerated,Bodyweight hip hinge pattern warmup  ,,
ExerciseLibrary,2,Incline DB Hammer Curl,,Isolation,Isolation,,,,EX-IDCH,Brachialis,Biceps; Forearms,Bilateral,Well tolerated,Incline bench hammer grip curl  ,,
ExerciseLibrary,2,Incline Dumbell Curl (Supinated),,Isolation,Isolation,,,,EX-IDC,Biceps,Forearms,Bilateral,Well tolerated,Incline bench supinated dumbbell curl  ,,
ExerciseLibrary,2,Incline Push-up,,Push,Compound,,,,EX-IPU,Chest,Triceps; Anterior Delts; Core,Bilateral,Well tolerated,Push-up with hands elevated on bar or bench  ,,
ExerciseLibrary,2,Inverted KB Hold,,Mobility,Rehab,,,,EX-IKBH,Shoulders,Forearms; Stabilizers,Bilateral,Well tolerated,Inverted kettlebell hold for shoulder stability  ,,
ExerciseLibrary,2,Inverted KB Press,,Push,Compound,,,,EX-IKBP,Chest,Triceps; Stabilizers,Bilateral,Well tolerated,Floor press with inverted kettlebell  ,,
ExerciseLibrary,2,Kneeling Cable Row,,Pull,Compound,,,,EX-KCR,Back,Biceps; Core; Forearms,Bilateral,Well tolerated,Kneeling position at seated cable row  ,,
ExerciseLibrary,2,Kneeling Single Arm Rope Cable Extension,,Isolation,Isolation,,,,EX-KSARCE,Triceps,None,Unilateral,Well tolerated,Kneeling single arm rope extension  ,,
ExerciseLibrary,2,Low-Incline DB Press (15-30°),,Push,Compound,,,,EX-LIDBP,Upper Chest,Triceps; Anterior Delts,Bilateral,Left trap compensation noted; monitor,Low incline dumbbell press  ,,
ExerciseLibrary,2,Machine Chest Press,,Push,Compound,,,,EX-MCP,Chest,Triceps; Anterior Delts,Bilateral,Right anterior capsule awareness on eccentric,Selectorized chest press machine  ,,
ExerciseLibrary,2,Machine Row,,Pull,Compound,,,,EX-MR,Back,Biceps; Forearms,Bilateral,Well tolerated,Chest-supported selectorized row  ,,
ExerciseLibrary,2,Neutral Grip Dumbbell Floor Press,,Push,Compound,,,,EX-NGDFP,Chest,Triceps; Anterior Delts,Bilateral,Right anterior capsule awareness during heavy sets; neutral grip well tolerated,Primary pressing movement from Phase 6 onward  ,,
ExerciseLibrary,2,Neutral Grip Seated 2 Arm Row,,Pull,Compound,,,,EX-NGSR,Back,Biceps; Forearms,Bilateral,Well tolerated,Seated cable row with neutral grip attachment  ,,
ExerciseLibrary,2,Pallof Press,,Core,Core,,,,EX-PP,Core,Obliques,Bilateral,Well tolerated; left side requires more anti-rotation effort,Anti-rotation cable press  ,,
ExerciseLibrary,2,Pec Fly,,Push,Isolation,,,,EX-PF,Chest,Anterior Delts,Bilateral,Right sensitive with quick movement,Machine pec fly  ,,
ExerciseLibrary,2,Plate Loaded Seated Row,,Pull,Compound,,,,EX-PLSR,Back,Biceps; Forearms,Bilateral,Well tolerated,Plate-loaded seated row machine  ,,
ExerciseLibrary,2,Plate Pinch,,Hold,Hold,,,,EX-PPC,Forearms,Fingers,Bilateral,Well tolerated,Pinch grip hold with weight plates  ,,
ExerciseLibrary,2,Prisoners Squat,,Squat,Warmup,,,,EX-PS,Quads,Glutes; Core,Bilateral,Well tolerated,Bodyweight squat with hands behind head  ,,
ExerciseLibrary,2,Push-up,,Push,Compound,,,,EX-PU,Chest,Triceps; Anterior Delts; Core,Bilateral,Little anterior right tightness on lowering,Full push-up from toes  ,,
ExerciseLibrary,2,Push-up On Knees,,Push,Compound,,,,EX-PUK,Chest,Triceps; Anterior Delts; Core,Bilateral,Well tolerated,Modified push-up from knees  ,,
ExerciseLibrary,2,Rear Delt Cable Fly,,Pull,Isolation,,,,EX-RDCF,Rear Delts,Rhomboids; Traps,Bilateral,Well tolerated,Standing cable rear delt fly  ,,
ExerciseLibrary,2,Reverse Lunge,,Squat,Compound,,,,EX-RL,Quads,Glutes; Hamstrings,Alternating,Well tolerated,Reverse stepping lunge  ,,
ExerciseLibrary,2,Rope Push-Downs,,Isolation,Isolation,,,,EX-RPD,Triceps,Forearms,Bilateral,Well tolerated,Rope attachment pushdown  ,,
ExerciseLibrary,2,Rowing,,Cardio,Cardio,,,,EX-ROW,Full Body,Legs; Back; Arms,Bilateral,Well tolerated,Concept2 or similar rowing ergometer  ,,
ExerciseLibrary,2,Scap Push Ups,,Mobility,Warmup,,,,EX-SPU,Serratus Anterior,Shoulders,Bilateral,Well tolerated,Scapular protraction/retraction from push-up position  ,,
ExerciseLibrary,2,Seat Cable Row (V / Narrow Neutral Grip),,Pull,Compound,,,,EX-SCVNGR,Back,Biceps; Forearms,Bilateral,Well tolerated,V-grip narrow neutral cable row  ,,
ExerciseLibrary,2,Seated Calf Raise,,Isolation,Isolation,,,,EX-SECR,Calves,None,Bilateral,Well tolerated,Seated calf raise machine  ,,
ExerciseLibrary,2,Seated Neutral Grip DB Overhead Press,,Push,Compound,,,,EX-SNGDBOP,Shoulders,Triceps; Upper Chest,Bilateral,Subtle anterior capsule awareness on descending; tolerance improving,Seated dumbbell overhead press with neutral grip  ,,
ExerciseLibrary,2,Seated Single Arm DB Curl - Anchored,,Isolation,Isolation,,,,EX-SADBC-A,Biceps,Forearms; Brachialis,Unilateral,Well tolerated,Seated single-arm curl with opposite hand anchored  ,,
ExerciseLibrary,2,Serratus Wall Slides (banded),,Mobility,Warmup,,,,EX-SWS,Serratus Anterior,Shoulders; Traps,Bilateral,Well tolerated,Wall slide with band around wrists  ,,
ExerciseLibrary,2,Side Plank,,Core,Core,,,,EX-SP,Obliques,Core; Shoulders,Unilateral,Right shoulder feels looser than left on elbow; palm better tolerated,Isometric lateral core stability  ,,
ExerciseLibrary,2,Single Arm Cable Extensions,,Isolation,Isolation,,,,EX-SACE,Triceps,None,Unilateral,Well tolerated,General single arm cable extension  ,,
ExerciseLibrary,2,Single Arm Cable Press,,Push,Compound,,,,EX-SACP,Chest,Triceps; Anterior Delts; Core,Unilateral,Right extension not as strong as left; some trap recruitment,Single arm cable press in split stance  ,,
ExerciseLibrary,2,Single Arm Cable Press (split stance),,Push,Compound,,,,EX-SACPSS,Chest,Triceps; Anterior Delts; Core,Unilateral,Right extension not as strong as left,Split stance variant  ,,
ExerciseLibrary,2,Single Arm Rope Curl (extended Arm Position),,Isolation,Isolation,,,,EX-SARCC,Biceps,Brachialis; Forearms,Unilateral,Well tolerated,Single arm cable curl with rope grip  ,,
ExerciseLibrary,2,Single-Arm Cable Row (Split Stance),,Pull,Compound,,,,EX-SACRS,Back,Core; Biceps; Forearms,Unilateral,Well tolerated,Split stance cable row  ,,
ExerciseLibrary,2,Single-Arm Cable Triceps Extension (Cross-Body),,Isolation,Isolation,,,,EX-SACTE-CB,Triceps,None,Unilateral,Well tolerated,Cross body cable tricep extension  ,,
ExerciseLibrary,2,Single-Arm DB Balance Press,,Push,Compound,,,,EX-SADBP,Chest,Triceps; Stabilizers; Core,Unilateral,Well tolerated,Single arm DB balance press  ,,
ExerciseLibrary,2,Single-Arm Neutral Grip Cable Pulldown,,Pull,Compound,,,,EX-SANGCP,Lats,Biceps; Forearms; Rear Delts,Unilateral,Slight lean back eliminates anterior capsule awareness,Primary lat exercise from Phase 3 onward  ,,
ExerciseLibrary,2,Single-Arm Overhead Cable Extension,,Isolation,Isolation,,,,EX-SAOCE,Triceps,None,Unilateral,Feels good on anterior capsule; seems to loosen it,Single arm overhead cable extension  ,,
ExerciseLibrary,2,Single-Arm Vertical Plate Balance Press,,Push,Compound,,,,EX-SAVPBP,Chest,Triceps; Stabilizers; Core,Unilateral,Left has more control than right,Vertical plate balance floor press  ,,
ExerciseLibrary,2,Smith Machine Bench Press,,Push,Compound,,,,EX-SMBP,Chest,Triceps; Anterior Delts,Bilateral,Right anterior capsule tightness; monitor closely,Used in Phases 3-4  ,,
ExerciseLibrary,2,Smith Machine Split Squat (rear foot elevated optional),,Squat,Compound,,,,EX-SMSSQ,Quads,Glutes; Hamstrings; Core,Unilateral,Well tolerated,Smith machine split squat  ,,
ExerciseLibrary,2,Standing Calf Raise,,Isolation,Isolation,,,,EX-SCR,Calves,None,Bilateral,Well tolerated,Smith machine or barbell calf raise  ,,
ExerciseLibrary,2,Standing One Arm Bicep Curl with Cable (Anchored),,Isolation,Isolation,,,,EX-SOABCC,Biceps,Forearms; Brachialis,Unilateral,Well tolerated,Cable curl with elbow anchored  ,,
ExerciseLibrary,2,Standing One Arm Extended Cable Curls,,Isolation,Isolation,,,,EX-SOAECC,Biceps,Forearms; Brachialis,Unilateral,Well tolerated,Cable curl with arm extended behind body  ,,
ExerciseLibrary,2,Standing Single Arm Cable Curl,,Isolation,Isolation,,,,EX-SACCC,Biceps,Forearms; Brachialis,Unilateral,Well tolerated,Standard single arm cable curl  ,,
ExerciseLibrary,2,Standing Single Arm Extension (D-Grip),,Isolation,Isolation,,,,EX-SASED,Triceps,None,Unilateral,Well tolerated,D-grip single arm cable extension  ,,
ExerciseLibrary,2,Suitcase Carries,,Carry,Carry,,,,EX-SC,Forearms,Obliques; Core; Traps,Unilateral,Well tolerated,Single-side carry emphasizing anti-lateral flexion  ,,
ExerciseLibrary,2,Suitcase Holds,,Hold,Hold,,,,EX-SH,Forearms,Obliques; Core,Unilateral,,Static hold version of suitcase carry  ,,
ExerciseLibrary,2,Supine Press Machine - Plate Loaded (Planet Fitness),,Push,Compound,,,,EX-SPML,Chest,Triceps; Anterior Delts,Bilateral,Some right capsule tightness at higher weights,Planet Fitness specific plate-loaded press  ,,
ExerciseLibrary,2,Tibia Flex,,Isolation,Isolation,,,,EX-TF,Tibialis Anterior,None,Bilateral,Well tolerated,Plate on toe tibialis anterior flexion  ,,
ExerciseLibrary,2,Treadmill Walking,,Cardio,Cardio,,,,EX-TW,Full Body,Legs; Core,Bilateral,Well tolerated,Treadmill walking at various inclines  ,,
ExerciseLibrary,2,Vertical DB Scap extension,,Mobility,Rehab,,,,EX-VDBSE,Serratus Anterior,Shoulders,Bilateral,Well tolerated,Vertical dumbbell or plate scapular extension  ,,
ExerciseLibrary,2,Walking Lunges,,Squat,Compound,,,,EX-WL,Quads,Glutes; Hamstrings; Calves,Alternating,Well tolerated,Walking lunge with dumbbells or kettlebell  ,,
